["{\"documentId\":\"12345\",\"caseNumber\":\"1\",\"docType\":\"uploaded_will_1\",\"docFileType\":\".pdf\",\"subType\":\"gop\",\"caseType\":null,\"errorDescription\":\"\",\"documentName\":\"1_uploaded_will_1_gop.pdf\"}","{\"documentId\":\"12345\",\"caseNumber\":\"1\",\"docType\":\"digitalGrant\",\"docFileType\":\".pdf\",\"subType\":\"gop\",\"caseType\":null,\"errorDescription\":\"\",\"documentName\":\"1_digitalGrant_gop.pdf\"}","{\"documentId\":\"12345\",\"caseNumber\":\"1\",\"docType\":\"digitalGrantReissue\",\"docFileType\":\".pdf\",\"subType\":\"gop\",\"caseType\":null,\"errorDescription\":\"\",\"documentName\":\"1_digitalGrantReissue_gop.pdf\"}","{\"documentId\":\"12345\",\"caseNumber\":\"2\",\"docType\":\"uploaded_will_1\",\"docFileType\":\".pdf\",\"subType\":\"gop\",\"caseType\":null,\"errorDescription\":\"\",\"documentName\":\"2_uploaded_will_1_gop.pdf\"}","{\"documentId\":\"12345\",\"caseNumber\":\"2\",\"docType\":\"digitalGrant\",\"docFileType\":\".pdf\",\"subType\":\"gop\",\"caseType\":null,\"errorDescription\":\"\",\"documentName\":\"2_digitalGrant_gop.pdf\"}","{\"documentId\":\"12345\",\"caseNumber\":\"2\",\"docType\":\"digitalGrantReissue\",\"docFileType\":\".pdf\",\"subType\":\"gop\",\"caseType\":null,\"errorDescription\":\"\",\"documentName\":\"2_digitalGrantReissue_gop.pdf\"}","{\"documentId\":\"12345\",\"caseNumber\":\"3\",\"docType\":\"uploaded_will_1\",\"docFileType\":\".pdf\",\"subType\":\"gop\",\"caseType\":null,\"errorDescription\":\"\",\"documentName\":\"3_uploaded_will_1_gop.pdf\"}","{\"documentId\":\"12345\",\"caseNumber\":\"3\",\"docType\":\"digitalGrant\",\"docFileType\":\".pdf\",\"subType\":\"gop\",\"caseType\":null,\"errorDescription\":\"\",\"documentName\":\"3_digitalGrant_gop.pdf\"}","{\"documentId\":\"12345\",\"caseNumber\":\"3\",\"docType\":\"digitalGrantReissue\",\"docFileType\":\".pdf\",\"subType\":\"gop\",\"caseType\":null,\"errorDescription\":\"\",\"documentName\":\"3_digitalGrantReissue_gop.pdf\"}"]